Chapitre;Activite;Sous_activite;Fusion;Ordre_R;Ressource
;;;;;
S2_1-Jeu_tests_1;Innovations;;;_;Privilegier_le_parcours.jpg
;;;;;
S2_1-Jeu_tests_1;Innovations;Avion;;_;Avion.pdf
;;;;;
S2_1-Jeu_tests_1;Innovations;Ballon;;_;Ballon.pdf
;;;;;
S2_1-Jeu_tests_1;Innovations;Bathyscaphe;;_;Bathyscaphe.pdf
;;;;;
S2_1-Jeu_tests_1;Introduction;;;b;Bertrand_Piccard_canopee.pdf
S2_1-Jeu_tests_1;Introduction;;;a;Bertrand_Piccard_changer_altitude.pdf
;;;;;
S2_1-Jeu_tests_1;La_famille_Piccard;Auguste_Piccard;*;_;Auguste_Piccard.pdf
;;;;;
S2_1-Jeu_tests_1;La_famille_Piccard;Bertrand_Piccard;*;_;Bertrand_Piccard.pdf
;;;;;
S2_1-Jeu_tests_1;La_famille_Piccard;Jacques_Piccard;*;a;Jacques_Piccard.pdf
S2_1-Jeu_tests_1;La_famille_Piccard;Jacques_Piccard;*;b;Jacques_Piccard_oceanographe.pdf
;;;;;
S2_2-Jeu_tests_2;Lab;Lab_1;;a;Description_lab_1.pdf
S2_2-Jeu_tests_2;Lab;Lab_1;;b;Mesoscaphe_Auguste_Piccard.pdf
;;;;;
S2_2-Jeu_tests_2;Lab;Lab_2;;b;Bathyscaphe_Trieste.pdf
S2_2-Jeu_tests_2;Lab;Lab_2;;a;Description_lab_2.pdf
;;;;;
S2_2-Jeu_tests_2;Lab;Lab_3;;a;Description_lab_3.pdf
S2_2-Jeu_tests_2;Lab;Lab_3;;b;Mesoscaphe_Ben_Franklin.pdf
